agency,site,date_time,flow,comments
USGS,conoco,2019-06-01T04:00:00Z,754,
USGS,conoco,2019-06-02T04:00:00Z,1020,
USGS,conoco,2019-06-03T04:00:00Z,1250,
USGS,conoco,2019-06-04T04:00:00Z,833,
USGS,conoco,2019-06-05T04:00:00Z,720,
USGS,conoco,2019-06-06T04:00:00Z,671,
USGS,conoco,2019-06-07T04:00:00Z,619,
USGS,conoco,2019-06-08T04:00:00Z,572,
USGS,conoco,2019-06-09T04:00:00Z,530,
USGS,conoco,2019-06-10T04:00:00Z,512,
USGS,conoco,2019-06-11T04:00:00Z,658,
USGS,conoco,2019-06-12T04:00:00Z,549,
USGS,conoco,2019-06-13T04:00:00Z,517,
USGS,conoco,2019-06-14T04:00:00Z,578,
USGS,conoco,2019-06-15T04:00:00Z,510,
USGS,conoco,2019-06-16T04:00:00Z,461,
USGS,conoco,2019-06-17T04:00:00Z,440,
USGS,conoco,2019-06-18T04:00:00Z,461,
USGS,conoco,2019-06-19T04:00:00Z,504,
USGS,conoco,2019-06-20T04:00:00Z,512,
USGS,conoco,2019-06-21T04:00:00Z,654,
USGS,conoco,2019-06-22T04:00:00Z,496,
USGS,conoco,2019-06-23T04:00:00Z,419,
USGS,conoco,2019-06-24T04:00:00Z,386,
USGS,conoco,2019-06-25T04:00:00Z,434,
USGS,conoco,2019-06-26T04:00:00Z,434,
USGS,conoco,2019-06-27T04:00:00Z,375,
USGS,conoco,2019-06-28T04:00:00Z,347,
USGS,conoco,2019-06-29T04:00:00Z,341,
USGS,conoco,2019-06-30T04:00:00Z,370,
USGS,conoco,2019-07-01T04:00:00Z,330,
USGS,conoco,2019-07-02T04:00:00Z,303,
USGS,goose,2019-06-01T04:00:00Z,318,
USGS,goose,2019-06-02T04:00:00Z,305,
USGS,goose,2019-06-03T04:00:00Z,336,
USGS,goose,2019-06-04T04:00:00Z,296,
USGS,goose,2019-06-05T04:00:00Z,287,
USGS,goose,2019-06-06T04:00:00Z,290,
USGS,goose,2019-06-07T04:00:00Z,259,
USGS,goose,2019-06-08T04:00:00Z,236,
USGS,goose,2019-06-09T04:00:00Z,234,
USGS,goose,2019-06-10T04:00:00Z,304,
USGS,goose,2019-06-11T04:00:00Z,320,
USGS,goose,2019-06-12T04:00:00Z,268,
USGS,goose,2019-06-13T04:00:00Z,415,
USGS,goose,2019-06-14T04:00:00Z,420,
USGS,goose,2019-06-15T04:00:00Z,288,
USGS,goose,2019-06-16T04:00:00Z,270,
USGS,goose,2019-06-17T04:00:00Z,259,
USGS,goose,2019-06-18T04:00:00Z,311,
USGS,goose,2019-06-19T04:00:00Z,275,
USGS,goose,2019-06-20T04:00:00Z,256,
USGS,goose,2019-06-21T04:00:00Z,225,
USGS,goose,2019-06-22T04:00:00Z,197,
USGS,goose,2019-06-23T04:00:00Z,177,
USGS,goose,2019-06-24T04:00:00Z,170,
USGS,goose,2019-06-25T04:00:00Z,229,
USGS,goose,2019-06-26T04:00:00Z,225,
USGS,goose,2019-06-27T04:00:00Z,183,
USGS,goose,2019-06-28T04:00:00Z,219,
USGS,goose,2019-06-29T04:00:00Z,171,
USGS,goose,2019-06-30T04:00:00Z,173,
USGS,goose,2019-07-01T04:00:00Z,155,
USGS,goose,2019-07-02T04:00:00Z,139,
USGS,mon_jug,2019-06-01T04:00:00Z,956,
USGS,mon_jug,2019-06-02T04:00:00Z,853,
USGS,mon_jug,2019-06-03T04:00:00Z,994,
USGS,mon_jug,2019-06-04T04:00:00Z,855,
USGS,mon_jug,2019-06-05T04:00:00Z,727,
USGS,mon_jug,2019-06-06T04:00:00Z,695,
USGS,mon_jug,2019-06-07T04:00:00Z,662,
USGS,mon_jug,2019-06-08T04:00:00Z,631,
USGS,mon_jug,2019-06-09T04:00:00Z,597,
USGS,mon_jug,2019-06-10T04:00:00Z,589,
USGS,mon_jug,2019-06-11T04:00:00Z,648,
USGS,mon_jug,2019-06-12T04:00:00Z,634,
USGS,mon_jug,2019-06-13T04:00:00Z,1010,
USGS,mon_jug,2019-06-14T04:00:00Z,2000,
USGS,mon_jug,2019-06-15T04:00:00Z,1040,
USGS,mon_jug,2019-06-16T04:00:00Z,727,
USGS,mon_jug,2019-06-17T04:00:00Z,729,
USGS,mon_jug,2019-06-18T04:00:00Z,647,
USGS,mon_jug,2019-06-19T04:00:00Z,631,
USGS,mon_jug,2019-06-20T04:00:00Z,796,
USGS,mon_jug,2019-06-21T04:00:00Z,617,
USGS,mon_jug,2019-06-22T04:00:00Z,539,
USGS,mon_jug,2019-06-23T04:00:00Z,489,
USGS,mon_jug,2019-06-24T04:00:00Z,460,
USGS,mon_jug,2019-06-25T04:00:00Z,607,
USGS,mon_jug,2019-06-26T04:00:00Z,797,
USGS,mon_jug,2019-06-27T04:00:00Z,526,
USGS,mon_jug,2019-06-28T04:00:00Z,445,
USGS,mon_jug,2019-06-29T04:00:00Z,411,
USGS,mon_jug,2019-06-30T04:00:00Z,413,
USGS,mon_jug,2019-07-01T04:00:00Z,410,
USGS,mon_jug,2019-07-02T04:00:00Z,388,
USGS,barnum,2019-06-01T04:00:00Z,407,
USGS,barnum,2019-06-02T04:00:00Z,394,
USGS,barnum,2019-06-03T04:00:00Z,386,
USGS,barnum,2019-06-04T04:00:00Z,393,
USGS,barnum,2019-06-05T04:00:00Z,689,
USGS,barnum,2019-06-06T04:00:00Z,808,
USGS,barnum,2019-06-07T04:00:00Z,547,
USGS,barnum,2019-06-08T04:00:00Z,413,
USGS,barnum,2019-06-09T04:00:00Z,414,
USGS,barnum,2019-06-10T04:00:00Z,707,
USGS,barnum,2019-06-11T04:00:00Z,814,
USGS,barnum,2019-06-12T04:00:00Z,503,
USGS,barnum,2019-06-13T04:00:00Z,367,
USGS,barnum,2019-06-14T04:00:00Z,358,
USGS,barnum,2019-06-15T04:00:00Z,358,
USGS,barnum,2019-06-16T04:00:00Z,358,
USGS,barnum,2019-06-17T04:00:00Z,359,
USGS,barnum,2019-06-18T04:00:00Z,354,
USGS,barnum,2019-06-19T04:00:00Z,352,
USGS,barnum,2019-06-20T04:00:00Z,355,
USGS,barnum,2019-06-21T04:00:00Z,356,
USGS,barnum,2019-06-22T04:00:00Z,356,
USGS,barnum,2019-06-23T04:00:00Z,342,
USGS,barnum,2019-06-24T04:00:00Z,331,
USGS,barnum,2019-06-25T04:00:00Z,331,
USGS,barnum,2019-06-26T04:00:00Z,330,
USGS,barnum,2019-06-27T04:00:00Z,321,
USGS,barnum,2019-06-28T04:00:00Z,307,
USGS,barnum,2019-06-29T04:00:00Z,309,
USGS,barnum,2019-06-30T04:00:00Z,2150,
USGS,barnum,2019-07-01T04:00:00Z,2740,
USGS,barnum,2019-07-02T04:00:00Z,1720,
USGS,kitzmiller,2019-06-01T04:00:00Z,262,
USGS,kitzmiller,2019-06-02T04:00:00Z,790,
USGS,kitzmiller,2019-06-03T04:00:00Z,807,
USGS,kitzmiller,2019-06-04T04:00:00Z,423,
USGS,kitzmiller,2019-06-05T04:00:00Z,355,
USGS,kitzmiller,2019-06-06T04:00:00Z,656,
USGS,kitzmiller,2019-06-07T04:00:00Z,426,
USGS,kitzmiller,2019-06-08T04:00:00Z,349,
USGS,kitzmiller,2019-06-09T04:00:00Z,309,
USGS,kitzmiller,2019-06-10T04:00:00Z,498,
USGS,kitzmiller,2019-06-11T04:00:00Z,733,
USGS,kitzmiller,2019-06-12T04:00:00Z,422,
USGS,kitzmiller,2019-06-13T04:00:00Z,431,
USGS,kitzmiller,2019-06-14T04:00:00Z,621,
USGS,kitzmiller,2019-06-15T04:00:00Z,506,
USGS,kitzmiller,2019-06-16T04:00:00Z,412,
USGS,kitzmiller,2019-06-17T04:00:00Z,420,
USGS,kitzmiller,2019-06-18T04:00:00Z,392,
USGS,kitzmiller,2019-06-19T04:00:00Z,362,
USGS,kitzmiller,2019-06-20T04:00:00Z,293,
USGS,kitzmiller,2019-06-21T04:00:00Z,442,
USGS,kitzmiller,2019-06-22T04:00:00Z,365,
USGS,kitzmiller,2019-06-23T04:00:00Z,272,
USGS,kitzmiller,2019-06-24T04:00:00Z,263,
USGS,kitzmiller,2019-06-25T04:00:00Z,467,
USGS,kitzmiller,2019-06-26T04:00:00Z,289,
USGS,kitzmiller,2019-06-27T04:00:00Z,231,
USGS,kitzmiller,2019-06-28T04:00:00Z,203,
USGS,kitzmiller,2019-06-29T04:00:00Z,172,
USGS,kitzmiller,2019-06-30T04:00:00Z,5640,
USGS,kitzmiller,2019-07-01T04:00:00Z,1180,
USGS,kitzmiller,2019-07-02T04:00:00Z,834,
USGS,luke,2019-06-01T04:00:00Z,875,
USGS,luke,2019-06-02T04:00:00Z,593,
USGS,luke,2019-06-03T04:00:00Z,577,
USGS,luke,2019-06-04T04:00:00Z,533,
USGS,luke,2019-06-05T04:00:00Z,781,
USGS,luke,2019-06-06T04:00:00Z,925,
USGS,luke,2019-06-07T04:00:00Z,697,
USGS,luke,2019-06-08T04:00:00Z,535,
USGS,luke,2019-06-09T04:00:00Z,539,
USGS,luke,2019-06-10T04:00:00Z,810,
USGS,luke,2019-06-11T04:00:00Z,935,
USGS,luke,2019-06-12T04:00:00Z,651,
USGS,luke,2019-06-13T04:00:00Z,490,
USGS,luke,2019-06-14T04:00:00Z,473,
USGS,luke,2019-06-15T04:00:00Z,467,
USGS,luke,2019-06-16T04:00:00Z,466,
USGS,luke,2019-06-17T04:00:00Z,475,
USGS,luke,2019-06-18T04:00:00Z,469,
USGS,luke,2019-06-19T04:00:00Z,473,
USGS,luke,2019-06-20T04:00:00Z,484,
USGS,luke,2019-06-21T04:00:00Z,482,
USGS,luke,2019-06-22T04:00:00Z,490,
USGS,luke,2019-06-23T04:00:00Z,485,
USGS,luke,2019-06-24T04:00:00Z,479,
USGS,luke,2019-06-25T04:00:00Z,487,
USGS,luke,2019-06-26T04:00:00Z,470,
USGS,luke,2019-06-27T04:00:00Z,458,
USGS,luke,2019-06-28T04:00:00Z,438,
USGS,luke,2019-06-29T04:00:00Z,462,
USGS,luke,2019-06-30T04:00:00Z,2890,
USGS,luke,2019-07-01T04:00:00Z,3440,
USGS,luke,2019-07-02T04:00:00Z,2250,
USGS,nbp_cumb,2019-06-01T04:00:00Z,1230,
USGS,nbp_cumb,2019-06-02T04:00:00Z,1170,
USGS,nbp_cumb,2019-06-03T04:00:00Z,1080,
USGS,nbp_cumb,2019-06-04T04:00:00Z,949,
USGS,nbp_cumb,2019-06-05T04:00:00Z,903,
USGS,nbp_cumb,2019-06-06T04:00:00Z,1220,
USGS,nbp_cumb,2019-06-07T04:00:00Z,1180,
USGS,nbp_cumb,2019-06-08T04:00:00Z,834,
USGS,nbp_cumb,2019-06-09T04:00:00Z,804,
USGS,nbp_cumb,2019-06-10T04:00:00Z,984,
USGS,nbp_cumb,2019-06-11T04:00:00Z,1360,
USGS,nbp_cumb,2019-06-12T04:00:00Z,1170,
USGS,nbp_cumb,2019-06-13T04:00:00Z,821,
USGS,nbp_cumb,2019-06-14T04:00:00Z,825,
USGS,nbp_cumb,2019-06-15T04:00:00Z,747,
USGS,nbp_cumb,2019-06-16T04:00:00Z,714,
USGS,nbp_cumb,2019-06-17T04:00:00Z,787,
USGS,nbp_cumb,2019-06-18T04:00:00Z,773,
USGS,nbp_cumb,2019-06-19T04:00:00Z,759,
USGS,nbp_cumb,2019-06-20T04:00:00Z,1760,
USGS,nbp_cumb,2019-06-21T04:00:00Z,1360,
USGS,nbp_cumb,2019-06-22T04:00:00Z,1070,
USGS,nbp_cumb,2019-06-23T04:00:00Z,935,
USGS,nbp_cumb,2019-06-24T04:00:00Z,849,
USGS,nbp_cumb,2019-06-25T04:00:00Z,1020,
USGS,nbp_cumb,2019-06-26T04:00:00Z,846,
USGS,nbp_cumb,2019-06-27T04:00:00Z,756,
USGS,nbp_cumb,2019-06-28T04:00:00Z,722,
USGS,nbp_cumb,2019-06-29T04:00:00Z,667,
USGS,nbp_cumb,2019-06-30T04:00:00Z,1790,
USGS,nbp_cumb,2019-07-01T04:00:00Z,3870,
USGS,nbp_cumb,2019-07-02T04:00:00Z,2890,
USGS,opequan,2019-06-01T04:00:00Z,277,
USGS,opequan,2019-06-02T04:00:00Z,279,
USGS,opequan,2019-06-03T04:00:00Z,270,
USGS,opequan,2019-06-04T04:00:00Z,252,
USGS,opequan,2019-06-05T04:00:00Z,244,
USGS,opequan,2019-06-06T04:00:00Z,249,
USGS,opequan,2019-06-07T04:00:00Z,242,
USGS,opequan,2019-06-08T04:00:00Z,232,
USGS,opequan,2019-06-09T04:00:00Z,227,
USGS,opequan,2019-06-10T04:00:00Z,241,
USGS,opequan,2019-06-11T04:00:00Z,253,
USGS,opequan,2019-06-12T04:00:00Z,229,
USGS,opequan,2019-06-13T04:00:00Z,248,
USGS,opequan,2019-06-14T04:00:00Z,265,
USGS,opequan,2019-06-15T04:00:00Z,232,
USGS,opequan,2019-06-16T04:00:00Z,220,
USGS,opequan,2019-06-17T04:00:00Z,217,
USGS,opequan,2019-06-18T04:00:00Z,204,
USGS,opequan,2019-06-19T04:00:00Z,203,
USGS,opequan,2019-06-20T04:00:00Z,201,
USGS,opequan,2019-06-21T04:00:00Z,194,
USGS,opequan,2019-06-22T04:00:00Z,188,
USGS,opequan,2019-06-23T04:00:00Z,181,
USGS,opequan,2019-06-24T04:00:00Z,177,
USGS,opequan,2019-06-25T04:00:00Z,223,
USGS,opequan,2019-06-26T04:00:00Z,204,
USGS,opequan,2019-06-27T04:00:00Z,185,
USGS,opequan,2019-06-28T04:00:00Z,189,
USGS,opequan,2019-06-29T04:00:00Z,187,
USGS,opequan,2019-06-30T04:00:00Z,198,
USGS,opequan,2019-07-01T04:00:00Z,173,
USGS,opequan,2019-07-02T04:00:00Z,166,
USGS,hanc,2019-06-01T04:00:00Z,2890,
USGS,hanc,2019-06-02T04:00:00Z,2890,
USGS,hanc,2019-06-03T04:00:00Z,2840,
USGS,hanc,2019-06-04T04:00:00Z,2630,
USGS,hanc,2019-06-05T04:00:00Z,2360,
USGS,hanc,2019-06-06T04:00:00Z,2130,
USGS,hanc,2019-06-07T04:00:00Z,2360,
USGS,hanc,2019-06-08T04:00:00Z,2340,
USGS,hanc,2019-06-09T04:00:00Z,1960,
USGS,hanc,2019-06-10T04:00:00Z,1850,
USGS,hanc,2019-06-11T04:00:00Z,2100,
USGS,hanc,2019-06-12T04:00:00Z,2820,
USGS,hanc,2019-06-13T04:00:00Z,2900,
USGS,hanc,2019-06-14T04:00:00Z,2350,
USGS,hanc,2019-06-15T04:00:00Z,2140,
USGS,hanc,2019-06-16T04:00:00Z,1930,
USGS,hanc,2019-06-17T04:00:00Z,1850,
USGS,hanc,2019-06-18T04:00:00Z,1810,
USGS,hanc,2019-06-19T04:00:00Z,1770,
USGS,hanc,2019-06-20T04:00:00Z,1840,
USGS,hanc,2019-06-21T04:00:00Z,3450,
USGS,hanc,2019-06-22T04:00:00Z,2730,
USGS,hanc,2019-06-23T04:00:00Z,2150,
USGS,hanc,2019-06-24T04:00:00Z,1830,
USGS,hanc,2019-06-25T04:00:00Z,1780,
USGS,hanc,2019-06-26T04:00:00Z,2100,
USGS,hanc,2019-06-27T04:00:00Z,2640,
USGS,hanc,2019-06-28T04:00:00Z,2270,
USGS,hanc,2019-06-29T04:00:00Z,2020,
USGS,hanc,2019-06-30T04:00:00Z,1820,
USGS,hanc,2019-07-01T04:00:00Z,4210,
USGS,hanc,2019-07-02T04:00:00Z,6680,
USGS,paw,2019-06-01T04:00:00Z,2350,
USGS,paw,2019-06-02T04:00:00Z,2610,
USGS,paw,2019-06-03T04:00:00Z,2330,
USGS,paw,2019-06-04T04:00:00Z,2190,
USGS,paw,2019-06-05T04:00:00Z,1930,
USGS,paw,2019-06-06T04:00:00Z,2060,
USGS,paw,2019-06-07T04:00:00Z,2150,
USGS,paw,2019-06-08T04:00:00Z,1900,
USGS,paw,2019-06-09T04:00:00Z,1640,
USGS,paw,2019-06-10T04:00:00Z,1710,
USGS,paw,2019-06-11T04:00:00Z,2290,
USGS,paw,2019-06-12T04:00:00Z,2570,
USGS,paw,2019-06-13T04:00:00Z,2260,
USGS,paw,2019-06-14T04:00:00Z,1950,
USGS,paw,2019-06-15T04:00:00Z,1770,
USGS,paw,2019-06-16T04:00:00Z,1640,
USGS,paw,2019-06-17T04:00:00Z,1630,
USGS,paw,2019-06-18T04:00:00Z,1610,
USGS,paw,2019-06-19T04:00:00Z,1570,
USGS,paw,2019-06-20T04:00:00Z,2620,
USGS,paw,2019-06-21T04:00:00Z,2760,
USGS,paw,2019-06-22T04:00:00Z,2140,
USGS,paw,2019-06-23T04:00:00Z,1780,
USGS,paw,2019-06-24T04:00:00Z,1610,
USGS,paw,2019-06-25T04:00:00Z,1770,
USGS,paw,2019-06-26T04:00:00Z,2310,
USGS,paw,2019-06-27T04:00:00Z,2090,
USGS,paw,2019-06-28T04:00:00Z,1850,
USGS,paw,2019-06-29T04:00:00Z,1590,
USGS,paw,2019-06-30T04:00:00Z,1690,
USGS,paw,2019-07-01T04:00:00Z,7510,
USGS,paw,2019-07-02T04:00:00Z,5430,
USGS,por,2019-06-01T04:00:00Z,8190,
USGS,por,2019-06-03T04:00:00Z,7970,
USGS,por,2019-06-04T04:00:00Z,8430,
USGS,por,2019-06-05T04:00:00Z,7330,
USGS,por,2019-06-06T04:00:00Z,6870,
USGS,por,2019-06-07T04:00:00Z,6470,
USGS,por,2019-06-08T04:00:00Z,6310,
USGS,por,2019-06-09T04:00:00Z,6300,
USGS,por,2019-06-10T04:00:00Z,6160,
USGS,por,2019-06-11T04:00:00Z,6100,
USGS,por,2019-06-12T04:00:00Z,6540,
USGS,por,2019-06-13T04:00:00Z,7980,
USGS,por,2019-06-14T04:00:00Z,8040,
USGS,por,2019-06-15T04:00:00Z,6940,
USGS,por,2019-06-16T04:00:00Z,6280,
USGS,por,2019-06-17T04:00:00Z,5980,
USGS,por,2019-06-18T04:00:00Z,5620,
USGS,por,2019-06-19T04:00:00Z,5550,
USGS,por,2019-06-20T04:00:00Z,5550,
USGS,por,2019-06-21T04:00:00Z,5230,
USGS,por,2019-06-22T04:00:00Z,6700,
USGS,por,2019-06-23T04:00:00Z,6300,
USGS,por,2019-06-24T04:00:00Z,5510,
USGS,por,2019-06-25T04:00:00Z,5330,
USGS,por,2019-06-26T04:00:00Z,5370,
USGS,por,2019-06-27T04:00:00Z,6040,
USGS,por,2019-06-28T04:00:00Z,6460,
USGS,por,2019-06-29T04:00:00Z,5910,
USGS,por,2019-06-30T04:00:00Z,5490,
USGS,por,2019-07-01T04:00:00Z,5040,
USGS,por,2019-07-02T04:00:00Z,6510,
USGS,shepherdstown,2019-06-01T04:00:00Z,5200,
USGS,shepherdstown,2019-06-02T04:00:00Z,4830,
USGS,shepherdstown,2019-06-03T04:00:00Z,5720,
USGS,shepherdstown,2019-06-04T04:00:00Z,5090,
USGS,shepherdstown,2019-06-05T04:00:00Z,4630,
USGS,shepherdstown,2019-06-06T04:00:00Z,4280,
USGS,shepherdstown,2019-06-07T04:00:00Z,3980,
USGS,shepherdstown,2019-06-08T04:00:00Z,4090,
USGS,shepherdstown,2019-06-09T04:00:00Z,3970,
USGS,shepherdstown,2019-06-10T04:00:00Z,3630,
USGS,shepherdstown,2019-06-11T04:00:00Z,3630,
USGS,shepherdstown,2019-06-12T04:00:00Z,3990,
USGS,shepherdstown,2019-06-13T04:00:00Z,4630,
USGS,shepherdstown,2019-06-14T04:00:00Z,4740,
USGS,shepherdstown,2019-06-15T04:00:00Z,4040,
USGS,shepherdstown,2019-06-16T04:00:00Z,3750,
USGS,shepherdstown,2019-06-17T04:00:00Z,3550,
USGS,shepherdstown,2019-06-18T04:00:00Z,3380,
USGS,shepherdstown,2019-06-19T04:00:00Z,3480,
USGS,shepherdstown,2019-06-20T04:00:00Z,3370,
USGS,shepherdstown,2019-06-21T04:00:00Z,3830,
USGS,shepherdstown,2019-06-22T04:00:00Z,5020,
USGS,shepherdstown,2019-06-23T04:00:00Z,4110,
USGS,shepherdstown,2019-06-24T04:00:00Z,3490,
USGS,shepherdstown,2019-06-25T04:00:00Z,3340,
USGS,shepherdstown,2019-06-26T04:00:00Z,3300,
USGS,shepherdstown,2019-06-27T04:00:00Z,3670,
USGS,shepherdstown,2019-06-28T04:00:00Z,3920,
USGS,shepherdstown,2019-06-29T04:00:00Z,3540,
USGS,shepherdstown,2019-06-30T04:00:00Z,3340,
USGS,shepherdstown,2019-07-01T04:00:00Z,3090,
USGS,shepherdstown,2019-07-02T04:00:00Z,7170,
USGS,lfalls,2019-06-01T04:00:00Z,10600,
USGS,lfalls,2019-06-02T04:00:00Z,9920,
USGS,lfalls,2019-06-03T04:00:00Z,9880,
USGS,lfalls,2019-06-04T04:00:00Z,10200,
USGS,lfalls,2019-06-05T04:00:00Z,9360,
USGS,lfalls,2019-06-06T04:00:00Z,8510,
USGS,lfalls,2019-06-07T04:00:00Z,7790,
USGS,lfalls,2019-06-08T04:00:00Z,7230,
USGS,lfalls,2019-06-09T04:00:00Z,7120,
USGS,lfalls,2019-06-10T04:00:00Z,7120,
USGS,lfalls,2019-06-11T04:00:00Z,6990,
USGS,lfalls,2019-06-12T04:00:00Z,6810,
USGS,lfalls,2019-06-13T04:00:00Z,8460,
USGS,lfalls,2019-06-14T04:00:00Z,10600,
USGS,lfalls,2019-06-15T04:00:00Z,9820,
USGS,lfalls,2019-06-16T04:00:00Z,7740,
USGS,lfalls,2019-06-17T04:00:00Z,6900,
USGS,lfalls,2019-06-18T04:00:00Z,6730,
USGS,lfalls,2019-06-19T04:00:00Z,6360,
USGS,lfalls,2019-06-20T04:00:00Z,6420,
USGS,lfalls,2019-06-21T04:00:00Z,6220,
USGS,lfalls,2019-06-22T04:00:00Z,5880,
USGS,lfalls,2019-06-23T04:00:00Z,7010,
USGS,lfalls,2019-06-24T04:00:00Z,6220,
USGS,lfalls,2019-06-25T04:00:00Z,5960,
USGS,lfalls,2019-06-26T04:00:00Z,5720,
USGS,lfalls,2019-06-27T04:00:00Z,5840,
USGS,lfalls,2019-07-02T04:00:00Z,5510,
USGS,bloomington,2019-06-01T04:00:00Z,408,
USGS,bloomington,2019-06-02T04:00:00Z,124,
USGS,bloomington,2019-06-03T04:00:00Z,124,
USGS,bloomington,2019-06-04T04:00:00Z,82.8,
USGS,bloomington,2019-06-05T04:00:00Z,64.9,
USGS,bloomington,2019-06-06T04:00:00Z,64.9,
USGS,bloomington,2019-06-07T04:00:00Z,64.9,
USGS,bloomington,2019-06-08T04:00:00Z,64.9,
USGS,bloomington,2019-06-09T04:00:00Z,64.9,
USGS,bloomington,2019-06-10T04:00:00Z,65.3,
USGS,bloomington,2019-06-11T04:00:00Z,64.9,
USGS,bloomington,2019-06-12T04:00:00Z,64.9,
USGS,bloomington,2019-06-13T04:00:00Z,65.4,
USGS,bloomington,2019-06-14T04:00:00Z,64.9,
USGS,bloomington,2019-06-15T04:00:00Z,64.9,
USGS,bloomington,2019-06-16T04:00:00Z,64.9,
USGS,bloomington,2019-06-17T04:00:00Z,65,
USGS,bloomington,2019-06-18T04:00:00Z,64.9,
USGS,bloomington,2019-06-19T04:00:00Z,64.9,
USGS,bloomington,2019-06-20T04:00:00Z,65,
USGS,bloomington,2019-06-21T04:00:00Z,64.9,
USGS,bloomington,2019-06-22T04:00:00Z,81.6,
USGS,bloomington,2019-06-23T04:00:00Z,89,
USGS,bloomington,2019-06-24T04:00:00Z,90.2,
USGS,bloomington,2019-06-25T04:00:00Z,90.4,
USGS,bloomington,2019-06-26T04:00:00Z,90.2,
USGS,bloomington,2019-06-27T04:00:00Z,90.2,
USGS,bloomington,2019-06-28T04:00:00Z,89.5,
USGS,bloomington,2019-06-29T04:00:00Z,93,
USGS,bloomington,2019-06-30T04:00:00Z,421,
USGS,bloomington,2019-07-01T04:00:00Z,340,
USGS,bloomington,2019-07-02T04:00:00Z,251,
USGS,barton,2019-06-01T04:00:00Z,33.3,
USGS,barton,2019-06-02T04:00:00Z,34.9,
USGS,barton,2019-06-03T04:00:00Z,36,
USGS,barton,2019-06-04T04:00:00Z,28.6,
USGS,barton,2019-06-05T04:00:00Z,26.2,
USGS,barton,2019-06-06T04:00:00Z,26.8,
USGS,barton,2019-06-07T04:00:00Z,22.8,
USGS,barton,2019-06-08T04:00:00Z,19.5,
USGS,barton,2019-06-09T04:00:00Z,17.9,
USGS,barton,2019-06-10T04:00:00Z,30.9,
USGS,barton,2019-06-11T04:00:00Z,33.9,
USGS,barton,2019-06-12T04:00:00Z,22.9,
USGS,barton,2019-06-13T04:00:00Z,21.9,
USGS,barton,2019-06-14T04:00:00Z,23.8,
USGS,barton,2019-06-15T04:00:00Z,18.7,
USGS,barton,2019-06-16T04:00:00Z,16.5,
USGS,barton,2019-06-17T04:00:00Z,57.3,
USGS,barton,2019-06-18T04:00:00Z,40.8,
USGS,barton,2019-06-19T04:00:00Z,40.6,
USGS,barton,2019-06-20T04:00:00Z,62.3,
USGS,barton,2019-06-21T04:00:00Z,98.3,
USGS,barton,2019-06-22T04:00:00Z,88.5,
USGS,barton,2019-06-23T04:00:00Z,63.4,
USGS,barton,2019-06-24T04:00:00Z,59.9,
USGS,barton,2019-06-25T04:00:00Z,142,
USGS,barton,2019-06-26T04:00:00Z,88.9,
USGS,barton,2019-06-27T04:00:00Z,64.9,
USGS,barton,2019-06-28T04:00:00Z,49.3,
USGS,barton,2019-06-29T04:00:00Z,72.1,
USGS,barton,2019-06-30T04:00:00Z,297,
USGS,barton,2019-07-01T04:00:00Z,115,
USGS,barton,2019-07-02T04:00:00Z,71.5,
USGS,seneca,2019-06-01T04:00:00Z,148,
USGS,seneca,2019-06-02T04:00:00Z,206,
USGS,seneca,2019-06-03T04:00:00Z,302,
USGS,seneca,2019-06-04T04:00:00Z,146,
USGS,seneca,2019-06-05T04:00:00Z,113,
USGS,seneca,2019-06-06T04:00:00Z,116,
USGS,seneca,2019-06-07T04:00:00Z,105,
USGS,seneca,2019-06-08T04:00:00Z,101,
USGS,seneca,2019-06-09T04:00:00Z,97.9,
USGS,seneca,2019-06-10T04:00:00Z,102,
USGS,seneca,2019-06-11T04:00:00Z,107,
USGS,seneca,2019-06-12T04:00:00Z,116,
USGS,seneca,2019-06-13T04:00:00Z,267,
USGS,seneca,2019-06-14T04:00:00Z,223,
USGS,seneca,2019-06-15T04:00:00Z,155,
USGS,seneca,2019-06-16T04:00:00Z,141,
USGS,seneca,2019-06-17T04:00:00Z,125,
USGS,seneca,2019-06-18T04:00:00Z,127,
USGS,seneca,2019-06-19T04:00:00Z,120,
USGS,seneca,2019-06-20T04:00:00Z,501,
USGS,seneca,2019-06-21T04:00:00Z,243,
USGS,seneca,2019-06-22T04:00:00Z,176,
USGS,seneca,2019-06-23T04:00:00Z,131,
USGS,seneca,2019-06-24T04:00:00Z,101,
USGS,seneca,2019-06-25T04:00:00Z,146,
USGS,seneca,2019-06-26T04:00:00Z,96.6,
USGS,seneca,2019-06-27T04:00:00Z,87.8,
USGS,seneca,2019-06-28T04:00:00Z,85.3,
USGS,seneca,2019-06-29T04:00:00Z,83.2,
USGS,seneca,2019-06-30T04:00:00Z,106,
USGS,seneca,2019-07-01T04:00:00Z,110,
USGS,seneca,2019-07-02T04:00:00Z,131,
USGS,shen_mill,2019-06-01T04:00:00Z,2140,
USGS,shen_mill,2019-06-02T04:00:00Z,2110,
USGS,shen_mill,2019-06-03T04:00:00Z,2230,
USGS,shen_mill,2019-06-04T04:00:00Z,2090,
USGS,shen_mill,2019-06-05T04:00:00Z,1940,
USGS,shen_mill,2019-06-06T04:00:00Z,1850,
USGS,shen_mill,2019-06-07T04:00:00Z,1790,
USGS,shen_mill,2019-06-08T04:00:00Z,1750,
USGS,shen_mill,2019-06-09T04:00:00Z,1740,
USGS,shen_mill,2019-06-10T04:00:00Z,1850,
USGS,shen_mill,2019-06-11T04:00:00Z,2060,
USGS,shen_mill,2019-06-12T04:00:00Z,2380,
USGS,shen_mill,2019-06-13T04:00:00Z,2730,
USGS,shen_mill,2019-06-14T04:00:00Z,2270,
USGS,shen_mill,2019-06-15T04:00:00Z,1980,
USGS,shen_mill,2019-06-16T04:00:00Z,1850,
USGS,shen_mill,2019-06-17T04:00:00Z,1740,
USGS,shen_mill,2019-06-18T04:00:00Z,1640,
USGS,shen_mill,2019-06-19T04:00:00Z,1570,
USGS,shen_mill,2019-06-20T04:00:00Z,1590,
USGS,shen_mill,2019-06-21T04:00:00Z,1520,
USGS,shen_mill,2019-06-22T04:00:00Z,1470,
USGS,shen_mill,2019-06-23T04:00:00Z,1440,
USGS,shen_mill,2019-06-24T04:00:00Z,1380,
USGS,shen_mill,2019-06-25T04:00:00Z,1410,
USGS,shen_mill,2019-06-26T04:00:00Z,1740,
USGS,shen_mill,2019-06-27T04:00:00Z,2150,
USGS,shen_mill,2019-06-28T04:00:00Z,2000,
USGS,shen_mill,2019-06-29T04:00:00Z,1730,
USGS,shen_mill,2019-06-30T04:00:00Z,1560,
USGS,shen_mill,2019-07-01T04:00:00Z,1470,
USGS,shen_mill,2019-07-02T04:00:00Z,1400,
